Workbook

Sheet Playtest Log
A1: Pyro Pete: Emergency Evacuation — Human vs AI Playtest Log
A2: Log one row per run. Copy the numbers straight off the "Run complete" results panel in-game. Rows 4-5 (yellow) are real example runs already played — add your own runs starting at row 6. Winner: type exactly what the verdict line says (You / AI / Tie).
A3: Run # | B3: Date | C3: Winner | D3: You: Victims Saved | E3: You: Time (s) | F3: You: Distance (tiles) | G3: You: Damage Taken | H3: You: Finished (exit/dead) | I3: AI: Victims Saved | J3: AI: Time (s) | K3: AI: Distance (tiles) | L3: AI: Damage Taken | M3: AI: Route Updates | N3: AI: Goal Switches | O3: AI: Finished (exit/dead/still searching) | P3: Notes (bugs, observations)
A4: 1 | B4: 2026-08-30 | C4: You | D4: 1 | E4: 17.9 | F4: 37.1 | G4: 0 | H4: exit | I4: 0 | J4: 17.9 | K4: 45 | L4: 8 | M4: 45 | N4: 24 | O4: still searching | P4: Rushed exit-focused; AI still mid-search when I exited.
A5: 2 | B5: 2026-08-30 | C5: AI | D5: 0 | E5: 31.7 | F5: 63.5 | G5: 0 | H5: exit | I5: 2 | J5: 31.7 | K5: 81.3 | L5: 0 | M5: 83 | N5: 31 | O5: still searching | P5: I beelined for the exit without rescuing anyone; AI had already saved 2.
A6: =IF(C6="","",ROW()-3) -> 3 | B6: 2026-08-30 | C6: AI | D6: 0 | E6: 36.4 | F6: 77.2 | G6: 45 | H6: exit | I6: 3 | J6: 30.9 | K6: 78.7 | L6: 17 | M6: 81 | N6: 38 | O6: exit | P6: AI reached exit ahead of me and saved all 3; I took heavy fire damage (45).
A7: =IF(C7="","",ROW()-3) -> 4 | B7: 2026-08-30 | C7: You | D7: 1 | E7: 26 | F7: 53.1 | G7: 0 | H7: exit | I7: 0 | J7: 26 | K7: 66.8 | L7: 0 | M7: 68 | N7: 34 | O7: still searching
A8: =IF(C8="","",ROW()-3) -> 5 | B8: 2026-08-30 | C8: You | D8: 2 | E8: 16.2 | F8: 33.6 | G8: 0 | H8: exit | I8: 0 | J8: 16.2 | K8: 41.5 | L8: 0 | M8: 42 | N8: 24 | O8: still searching
A9: =IF(C9="","",ROW()-3) -> 6 | B9: 2026-08-30 | C9: You | D9: 1 | E9: 40.1 | F9: 84.3 | G9: 50 | H9: exit | I9: 0 | J9: 37.9 | K9: 89.2 | L9: 100 | M9: 95 | N9: 38 | O9: dead | P9: AI died to hazards (100 dmg) before finishing; I survived with 50 dmg taken.
A10: =IF(C10="","",ROW()-3) -> 7 | B10: 2026-08-30 | C10: AI | D10: 0 | E10: 17.3 | F10: 39.1 | G10: 0 | H10: exit | I10: 2 | J10: 17.3 | K10: 44.3 | L10: 0 | M10: 46 | N10: 29 | O10: still searching
A11: =IF(C11="","",ROW()-3) -> 8 | B11: 2026-08-30 | C11: AI | D11: 0 | E11: 25.4 | F11: 48.6 | G11: 0 | H11: exit | I11: 3 | J11: 25.4 | K11: 64.9 | L11: 0 | M11: 67 | N11: 27 | O11: still searching | P11: AI had already saved all 3 victims but hadn't reached the exit when I did -- run ended with AI mid-route back.
A12: =IF(C12="","",ROW()-3) -> 9 | B12: 2026-08-30 | C12: Tie | D12: 0 | E12: 26.2 | F12: 50.9 | G12: 0 | H12: exit | I12: 0 | J12: 26.2 | K12: 66.9 | L12: 0 | M12: 70 | N12: 34 | O12: still searching
A13: =IF(C13="","",ROW()-3) -> 10 | B13: 2026-08-30 | C13: Tie | D13: 0 | E13: 28.2 | F13: 54.6 | G13: 0 | H13: exit | I13: 0 | J13: 28.2 | K13: 72.2 | L13: 0 | M13: 74 | N13: 34 | O13: still searching
A14: =IF(C14="","",ROW()-3)
A15: =IF(C15="","",ROW()-3)
A16: =IF(C16="","",ROW()-3)
A17: =IF(C17="","",ROW()-3)
A18: =IF(C18="","",ROW()-3)
A19: =IF(C19="","",ROW()-3)
A20: =IF(C20="","",ROW()-3)
A21: =IF(C21="","",ROW()-3)
A22: =IF(C22="","",ROW()-3)
A23: =IF(C23="","",ROW()-3)
A24: =IF(C24="","",ROW()-3)
A25: =IF(C25="","",ROW()-3)
... A45: =IF(C45="","",ROW()-3)

Sheet Summary
A1: Summary
A2: Auto-calculated from every filled-in row on the Playtest Log sheet.
A3: Metric | B3: Value
A4: Runs logged | B4: =COUNT('Playtest Log'!$A$4:$A$45) -> 10
A5: Wins — You | B5: =COUNTIF('Playtest Log'!$C$4:$C$45,"You") -> 4
A6: Wins — AI | B6: =COUNTIF('Playtest Log'!$C$4:$C$45,"AI") -> 4
A7: Ties | B7: =COUNTIF('Playtest Log'!$C$4:$C$45,"Tie") -> 2
A8: Avg victims saved — You | B8: =IFERROR(AVERAGEIF('Playtest Log'!$A$4:$A$45,"<>",'Playtest Log'!$D$4:$D$45),"") -> 0.5
A9: Avg victims saved — AI | B9: =IFERROR(AVERAGEIF('Playtest Log'!$A$4:$A$45,"<>",'Playtest Log'!$I$4:$I$45),"") -> 1
A10: Avg time (s) — You | B10: =IFERROR(AVERAGEIF('Playtest Log'!$A$4:$A$45,"<>",'Playtest Log'!$E$4:$E$45),"") -> 26.54
A11: Avg time (s) — AI | B11: =IFERROR(AVERAGEIF('Playtest Log'!$A$4:$A$45,"<>",'Playtest Log'!$J$4:$J$45),"") -> 25.77
A12: Avg distance (tiles) — You | B12: =IFERROR(AVERAGEIF('Playtest Log'!$A$4:$A$45,"<>",'Playtest Log'!$F$4:$F$45),"") -> 54.2
A13: Avg distance (tiles) — AI | B13: =IFERROR(AVERAGEIF('Playtest Log'!$A$4:$A$45,"<>",'Playtest Log'!$K$4:$K$45),"") -> 65.08
A14: Avg damage taken — You | B14: =IFERROR(AVERAGEIF('Playtest Log'!$A$4:$A$45,"<>",'Playtest Log'!$G$4:$G$45),"") -> 9.5
A15: Avg damage taken — AI | B15: =IFERROR(AVERAGEIF('Playtest Log'!$A$4:$A$45,"<>",'Playtest Log'!$L$4:$L$45),"") -> 12.5
A16: Avg AI route updates | B16: =IFERROR(AVERAGEIF('Playtest Log'!$A$4:$A$45,"<>",'Playtest Log'!$M$4:$M$45),"") -> 67.1
A17: Avg AI goal switches | B17: =IFERROR(AVERAGEIF('Playtest Log'!$A$4:$A$45,"<>",'Playtest Log'!$N$4:$N$45),"") -> 31.3
A18: Runs where AI died | B18: =COUNTIF('Playtest Log'!$O$4:$O$45,"dead") -> 1
A19: Runs where you died | B19: =COUNTIF('Playtest Log'!$H$4:$H$45,"dead") -> 0
A22: "Wins" is read from the Winner column you type in (You/AI/Tie) — copy it from the verdict line on the results panel, e.g. "You rescued more than the AI." → You.
